Liverpool,387,57.9,662,477,9,5,4,7,11,21,5,0,0,8,1
Norwich City,278,42.1,577,363,9,5,5,5,2,12,35,2,5,5,-1
AFC Bournemouth,384,52.9,671,485,10,7,4,3,3,18,13,2,1,3,0
Sheffield United,332,47.1,615,428,19,4,2,3,4,14,16,1,1,3,0
Burnley,183,46.5,549,332,6,4,3,4,2,21,13,0,5,4,1
Southampton,249,53.5,579,393,12,5,3,3,7,7,18,0,1,2,-1
Crystal Palace,161,35.4,467,268,16,0,0,2,6,21,21,2,4,5,0
Everton,401,64.6,722,500,14,3,1,3,2,14,18,1,0,6,0
Leicester City,564,70,871,665,3,10,7,1,12,20,12,0,0,3,0
Wolverhampton Wanderers,202,30,508,291,13,4,4,2,3,19,33,2,1,4,0
Tottenham Hotspur,526,70.1,792,587,13,14,10,7,14,17,6,1,1,12,1
Aston Villa,200,29.9,461,256,9,2,2,4,0,29,39,0,0,5,-1
Watford,325,48.2,602,414,15,4,2,3,5,12,10,0,0,3,-1
Brighton and Hove Albion,347,51.8,637,442,11,2,1,3,2,24,24,1,3,3,1
West Ham United,325,42.9,571,403,6,2,1,3,1,18,9,2,2,1,-1
Manchester City,473,57.1,722,547,13,3,3,9,1,18,13,2,4,9,1
Manchester United,363,46.2,649,449,15,2,2,5,3,16,19,3,2,7,1
Chelsea,442,53.8,730,523,13,7,6,7,5,21,11,4,0,9,-1
Newcastle United,287,38.1,577,378,12,4,3,2,5,26,17,1,1,4,-1
Arsenal,523,61.9,819,616,7,4,4,2,3,11,22,3,3,4,1
Arsenal,443,67.5,731,529,13,3,3,9,10,12,28,2,5,11,1
Burnley,151,32.5,437,234,11,9,6,5,7,16,25,1,1,6,-1
Aston Villa,402,62.6,689,490,10,9,7,7,11,7,15,0,5,10,-1
AFC Bournemouth,208,37.4,468,295,13,4,4,4,5,15,25,2,2,6,1
Brighton and Hove Albion,395,57.3,717,497,11,9,9,4,8,20,16,0,2,4,0
West Ham United,276,42.7,587,377,10,4,3,3,6,22,14,2,4,4,0
Chelsea,359,50.2,692,454,9,7,5,5,4,25,23,1,3,6,0
Leicester City,352,49.8,690,455,14,7,3,3,5,29,20,0,3,4,0
Everton,204,44.1,536,303,11,6,5,2,4,20,35,2,3,4,1
Watford,280,55.9,611,388,11,4,2,2,7,34,13,3,1,4,-1
Manchester City,551,55.4,806,610,14,8,5,10,13,15,10,1,3,17,0
Tottenham Hotspur,425,44.6,701,506,4,1,1,2,2,17,23,0,1,2,0
Norwich City,529,63.3,780,603,9,3,3,8,7,14,23,1,2,11,1
Newcastle United,271,36.7,513,336,11,7,4,4,5,14,13,3,1,5,-1
Sheffield United,274,42.5,604,354,16,6,6,3,8,20,38,3,0,4,1
Crystal Palace,392,57.5,718,498,11,0,0,4,4,21,25,1,1,4,-1
Southampton,192,36.2,497,296,10,7,5,3,5,15,27,2,4,3,-1
Liverpool,414,63.8,735,530,6,6,5,6,9,7,30,1,1,7,1
Wolverhampton Wanderers,263,34.4,520,350,17,3,3,2,4,17,14,2,1,2,0
Manchester United,579,65.6,845,668,8,4,3,2,6,23,15,2,1,2,0
Aston Villa,219,35.2,503,301,10,2,2,3,0,12,25,2,8,5,1
Everton,435,64.8,727,539,18,7,5,1,6,16,7,3,1,5,-1
AFC Bournemouth,179,26.2,419,249,7,2,2,7,4,8,22,1,2,4,-1
Manchester City,647,73.8,905,728,13,4,4,5,5,16,16,3,4,13,1
Brighton and Hove Albion,296,50.7,596,394,9,6,6,3,8,16,10,1,1,6,-1
Southampton,297,49.3,580,395,10,5,3,4,5,19,22,3,0,7,1
Liverpool,474,52,747,553,8,6,6,5,6,25,11,1,1,13,1
Arsenal,447,48,738,516,5,4,2,3,4,16,27,1,4,3,-1
Manchester United,481,71.3,748,562,8,13,7,3,8,9,6,2,0,7,-1
Crystal Palace,141,28.7,409,231,18,1,1,3,1,25,26,4,0,1,1
Norwich City,391,46.6,682,481,9,1,1,5,1,16,29,1,0,4,-1
Chelsea,457,53.4,766,543,9,5,5,8,8,26,9,1,0,15,1
Sheffield United,316,49.1,616,421,11,3,2,2,7,16,15,1,1,2,-1
Leicester City,358,50.9,668,452,6,4,3,2,4,13,38,0,5,5,1
Tottenham Hotspur,690,80.2,942,763,10,8,6,2,6,10,5,2,1,7,-1
Newcastle United,142,19.8,391,190,5,2,2,3,6,15,54,2,4,5,1
Watford,390,54.9,667,465,12,10,9,3,8,17,12,1,1,13,-1
West Ham United,306,45.1,593,386,11,4,4,10,7,17,24,1,2,10,1
Wolverhampton Wanderers,470,65.1,772,586,9,8,7,2,4,9,29,0,1,5,0
Burnley,202,34.9,479,306,11,6,5,4,3,12,27,2,1,4,0
Arsenal,380,54.8,673,453,13,10,6,8,11,23,11,3,3,12,0
Tottenham Hotspur,309,45.2,569,388,19,3,2,9,6,13,24,5,1,6,0
Burnley,193,36.2,495,318,10,4,4,2,6,14,21,0,5,2,-1
Liverpool,442,63.8,739,568,16,2,1,7,4,11,19,0,1,11,1
Chelsea,627,62.3,898,719,6,5,4,5,3,16,15,0,2,5,0
Sheffield United,338,37.7,595,429,11,5,4,2,4,15,24,1,0,3,0
Crystal Palace,343,52.8,614,407,15,10,9,5,13,18,21,2,2,7,1
Aston Villa,315,47.2,591,379,16,3,1,2,2,19,30,4,0,6,-1
Everton,364,58.7,687,451,12,3,3,6,7,24,37,1,1,9,1
Wolverhampton Wanderers,217,41.3,522,320,12,1,1,5,7,19,22,4,2,4,-1
Leicester City,435,55,751,541,9,5,5,6,4,22,25,1,2,9,1
AFC Bournemouth,334,45,647,432,11,2,2,2,5,14,18,3,1,6,-1
Manchester City,535,53.5,755,598,10,8,7,6,8,15,19,1,1,7,1
Brighton and Hove Albion,454,46.5,678,523,6,1,1,2,1,18,14,1,3,3,-1
Newcastle United,359,48.8,651,468,5,3,2,5,6,11,14,2,6,8,0
Watford,384,51.2,682,498,11,5,3,3,5,14,24,3,0,5,0
Southampton,276,41.4,598,375,17,5,4,2,2,25,25,1,0,3,0
Manchester United,427,58.6,771,537,7,9,7,8,3,19,16,2,1,11,0
West Ham United,395,48.6,662,474,16,7,5,8,8,29,9,2,2,9,1
Norwich City,433,51.4,710,500,10,3,2,3,2,14,15,1,3,3,-1
Aston Villa,329,46.6,604,408,13,4,3,5,2,19,14,2,3,5,0
West Ham United,391,53.4,678,470,12,5,4,1,4,21,15,1,3,7,0
AFC Bournemouth,232,40.5,547,336,5,5,4,6,7,18,37,0,4,5,1
Everton,373,59.5,684,488,14,5,4,5,7,18,10,4,0,5,-1
Brighton and Hove Albion,372,62.5,693,491,13,7,5,5,3,21,20,0,2,6,0
Burnley,178,37.5,500,284,7,6,5,1,6,17,24,2,2,1,0
Liverpool,764,75.3,1023,847,5,9,9,9,10,13,8,0,2,10,1
Newcastle United,205,24.7,470,282,4,4,3,1,1,20,33,0,8,3,-1
Manchester United,258,41.7,566,345,14,5,3,5,3,19,30,1,0,3,1
Leicester City,373,58.3,686,471,14,4,2,3,9,30,11,2,2,2,-1
Norwich City,236,31.4,524,318,8,3,2,3,3,16,50,3,1,4,1
Manchester City,594,68.6,876,671,7,6,4,8,16,15,7,1,0,12,-1
Sheffield United,308,48.2,647,414,10,8,8,4,12,21,24,1,3,8,-1
Southampton,363,51.8,692,467,7,3,2,7,6,18,28,1,1,7,1
Tottenham Hotspur,563,64.1,830,640,19,7,4,5,4,11,13,4,1,6,1
Crystal Palace,276,35.9,537,357,11,2,1,6,3,15,15,3,0,8,-1
Watford,442,52.4,679,499,14,15,11,10,7,17,15,3,1,12,0
Arsenal,386,47.6,625,466,4,2,2,4,1,13,16,3,0,4,0
Wolverhampton Wanderers,350,45.3,648,449,8,4,2,4,7,17,12,1,1,4,-1
Chelsea,472,54.7,781,555,11,7,6,6,5,20,28,2,1,5,1
Arsenal,396,58.1,662,465,13,10,9,6,9,12,20,5,2,7,1
Aston Villa,265,41.9,521,326,15,3,2,9,4,20,21,1,0,9,-1
Burnley,272,41.4,550,357,11,2,2,6,7,14,15,0,2,10,1
Norwich City,437,58.6,714,528,10,6,4,2,3,19,19,1,0,4,-1
Chelsea,394,55,713,492,8,8,7,2,6,15,10,3,7,4,-1
Liverpool,303,45,608,415,13,2,2,3,4,11,37,3,1,4,1
Crystal Palace,359,49.9,692,456,7,5,3,4,6,24,18,2,1,4,0
Wolverhampton Wanderers,344,50.1,661,442,10,3,2,4,7,31,17,1,0,8,0
Everton,433,69.8,741,520,9,6,4,3,12,10,11,1,1,7,-1
Sheffield United,144,30.2,442,227,9,1,1,1,3,15,63,3,1,1,1
Leicester City,286,44.2,599,380,16,6,4,7,8,23,24,1,3,7,1
Tottenham Hotspur,403,55.8,704,491,13,6,6,4,2,18,23,2,3,5,-1
Manchester City,655,68.7,909,727,5,13,11,11,5,18,5,2,2,10,1
Watford,265,31.3,486,336,9,0,0,4,4,12,20,2,2,4,-1
Newcastle United,195,28.7,467,280,12,5,5,4,5,18,22,2,0,6,0
Brighton and Hove Albion,633,71.3,922,718,8,6,6,3,3,14,14,1,3,9,0
Southampton,429,64.8,783,554,8,11,11,6,4,30,13,1,1,7,-1
AFC Bournemouth,178,35.2,519,300,9,1,0,3,5,8,25,3,2,4,1
West Ham United,332,46.5,604,424,8,1,0,6,3,16,18,2,2,5,1
Manchester United,399,53.5,661,479,9,2,2,3,7,13,18,2,1,6,-1
Aston Villa,324,60.2,610,416,10,7,6,3,7,14,13,1,2,8,0
Burnley,177,39.8,438,281,16,4,3,3,3,13,16,4,0,5,0
AFC Bournemouth,349,49.1,672,456,7,4,4,5,6,8,21,3,2,8,0
West Ham United,369,50.9,653,478,8,4,3,6,6,23,16,1,2,11,0
Chelsea,487,52.6,760,568,5,4,4,10,5,18,15,2,1,13,1
Brighton and Hove Albion,414,47.4,704,502,13,4,4,1,2,21,25,3,2,3,-1
Crystal Palace,333,44.6,620,415,14,6,5,3,5,18,13,3,2,7,1
Norwich City,438,55.4,726,524,10,2,2,3,5,17,22,1,1,7,-1
Everton,294,37.2,540,358,4,3,1,8,5,19,8,2,2,9,-1
Manchester City,564,62.8,813,619,8,7,7,8,2,15,19,2,5,9,1
Leicester City,645,68.9,918,724,12,5,5,5,9,24,8,1,0,6,1
Newcastle United,252,31.1,520,328,9,3,2,0,0,17,24,1,1,0,-1
Manchester United,350,54.8,631,440,18,6,4,4,8,15,7,4,2,7,0
Arsenal,283,45.2,563,364,13,3,3,5,7,19,14,2,4,4,0
Sheffield United,192,29.6,479,291,8,6,5,2,6,11,29,1,0,4,-1
Liverpool,609,70.4,896,708,4,9,4,4,5,11,25,1,1,2,1
Tottenham Hotspur,290,41.4,579,369,5,3,3,4,6,23,28,0,1,6,1
Southampton,447,58.6,717,518,16,6,5,6,6,24,12,2,1,5,-1
Wolverhampton Wanderers,311,39.1,575,404,5,4,4,2,1,21,27,0,2,2,1
Watford,530,60.9,801,628,6,6,5,5,6,15,7,1,1,6,-1
Arsenal,334,52.5,653,443,12,6,5,2,14,23,17,1,0,5,1
AFC Bournemouth,310,47.5,643,403,6,7,5,2,5,14,31,2,0,3,-1
Brighton and Hove Albion,405,47.7,713,494,11,4,3,6,4,22,19,2,1,9,1
Tottenham Hotspur,452,52.3,750,547,7,3,2,3,4,23,15,1,1,4,-1
Burnley,215,40.8,514,327,5,4,4,3,7,15,22,2,5,3,1
Everton,362,59.2,636,471,12,4,3,2,9,9,15,1,1,6,-1
Liverpool,386,50.7,733,494,9,6,6,8,4,19,25,1,3,8,1
Leicester City,355,49.3,681,478,17,1,0,1,6,16,27,4,2,1,-1
Manchester City,634,76,917,714,11,6,4,2,9,14,5,5,1,9,-1
Wolverhampton Wanderers,149,24,423,230,14,3,3,2,1,18,43,2,2,2,1
Newcastle United,204,31.9,450,281,12,5,5,2,4,12,17,3,1,6,1
Manchester United,512,68.1,757,594,10,5,5,3,6,11,7,3,2,6,-1
Norwich City,383,57.6,698,472,14,8,4,5,10,20,20,1,0,8,-1
Aston Villa,268,42.4,570,345,17,7,3,12,6,16,34,3,1,12,1
Southampton,275,43.3,585,400,8,6,4,3,3,23,12,0,1,2,-1
Chelsea,395,56.7,715,528,15,4,3,7,5,19,19,1,0,8,1
Watford,252,39.5,542,360,7,4,3,2,7,17,34,0,2,4,0
Sheffield United,455,60.5,760,554,6,4,2,3,7,15,27,2,3,4,0
West Ham United,426,51.7,678,519,11,4,2,4,2,19,14,3,2,5,-1
Crystal Palace,395,48.3,668,489,7,1,1,4,2,10,18,2,4,4,1
Aston Villa,371,48.9,651,441,9,8,5,8,7,6,16,1,1,12,1
Brighton and Hove Albion,398,51.1,659,475,17,8,6,5,5,11,28,2,0,11,-1
AFC Bournemouth,326,47.7,618,407,8,6,3,2,6,16,23,1,2,3,0
Norwich City,378,52.3,663,469,11,6,6,1,7,14,33,3,2,4,0
Chelsea,552,71.1,851,634,9,4,3,8,11,23,16,2,1,9,1
Newcastle United,172,28.9,441,258,12,4,3,0,0,12,31,1,1,1,-1
Crystal Palace,207,28.7,469,276,8,3,2,2,1,13,26,1,3,3,-1
Manchester City,595,71.3,868,682,10,8,7,10,8,11,13,1,2,13,1
Everton,290,51.3,596,390,15,5,1,10,11,24,9,2,9,11,1
West Ham United,264,48.7,592,384,15,3,2,4,2,13,26,2,4,4,-1
Leicester City,466,64.5,770,556,4,9,8,3,9,22,20,0,2,7,1
Burnley,218,35.5,504,303,10,3,3,4,4,15,22,3,3,5,-1
Manchester United,199,32,509,299,6,4,4,2,3,10,29,0,4,3,0
Liverpool,547,68,842,652,14,4,3,4,1,18,17,1,1,6,0
Sheffield United,205,31.4,492,287,10,5,4,2,7,21,25,4,1,3,1
Arsenal,548,68.6,835,633,12,4,4,3,12,17,12,4,1,3,-1
Tottenham Hotspur,592,69.4,908,686,5,3,3,2,11,11,6,4,5,6,0
Watford,206,30.6,503,313,9,2,1,2,2,20,52,3,1,3,0
Wolverhampton Wanderers,399,57,688,511,10,3,2,1,1,11,10,3,1,0,0
Southampton,288,43,559,385,17,5,4,5,3,9,19,2,2,6,0
Arsenal,362,56.2,639,444,18,8,5,6,12,21,18,2,1,6,0
Crystal Palace,267,43.8,554,345,9,2,2,4,5,14,26,0,1,6,0
Brighton and Hove Albion,431,55.5,720,533,12,3,3,4,0,18,8,2,3,2,1
Everton,343,44.5,613,425,12,2,2,6,5,17,14,1,2,5,-1
Burnley,286,36.7,577,390,7,5,5,5,5,16,16,3,1,6,-1
Chelsea,589,63.3,882,691,8,2,2,7,6,13,20,2,0,10,1
Liverpool,528,68,836,631,9,3,3,13,8,20,8,3,0,13,1
Tottenham Hotspur,200,32,523,298,11,5,4,4,3,16,35,3,4,4,-1
Manchester City,524,63.1,794,597,10,8,5,10,13,13,18,1,1,16,1
Aston Villa,273,36.9,537,341,5,2,0,5,7,10,27,1,2,5,-1
Newcastle United,317,43.1,595,405,8,7,4,2,3,13,28,2,1,6,0
Wolverhampton Wanderers,451,56.9,720,533,16,5,5,5,6,18,17,2,1,7,0
Norwich City,330,46.1,619,417,13,5,4,3,1,26,16,2,1,2,-1
Manchester United,406,53.9,692,480,10,7,4,11,10,24,13,2,0,8,1
Southampton,173,27.4,483,272,3,2,1,3,2,20,18,0,1,3,-1
Leicester City,611,72.6,925,709,12,5,4,15,7,26,8,0,0,12,1
Watford,253,40.2,545,337,14,3,1,3,5,20,23,5,5,2,0
AFC Bournemouth,417,59.8,713,501,8,3,2,5,10,16,21,3,3,9,0
West Ham United,436,60.8,724,545,7,7,7,4,10,12,8,2,4,4,0
Sheffield United,261,39.2,551,357,10,3,3,4,4,11,27,2,4,6,0
Arsenal,465,57.5,766,539,6,5,4,4,8,16,20,0,2,3,0
Wolverhampton Wanderers,316,42.5,613,397,15,4,2,8,9,22,21,2,2,14,0
Aston Villa,132,26.3,447,226,12,1,1,2,2,20,47,1,3,2,-1
Liverpool,533,73.7,860,634,9,10,8,6,10,17,21,2,2,12,1
AFC Bournemouth,262,42.6,581,366,14,4,3,6,4,13,33,4,1,5,1
Manchester United,383,57.4,700,488,12,6,5,4,10,18,11,3,4,9,-1
Brighton and Hove Albion,452,58.5,733,538,11,12,10,5,8,19,5,0,3,4,1
Norwich City,307,41.5,572,391,8,4,3,0,3,13,19,1,1,3,-1
Crystal Palace,262,44.2,548,334,15,5,3,3,5,19,12,2,2,2,-1
Leicester City,353,55.8,634,431,16,7,7,5,6,22,24,2,1,5,1
Everton,281,47.3,567,375,9,3,2,3,5,26,8,1,1,4,0
Tottenham Hotspur,344,52.7,651,443,8,2,2,2,2,15,24,2,2,3,0
Manchester City,562,75.3,885,639,11,9,8,4,17,9,5,3,3,7,1
Southampton,139,24.7,461,225,10,0,0,3,0,20,76,1,0,2,-1
Sheffield United,266,45.6,563,384,8,5,5,6,7,17,23,1,1,6,1
Burnley,342,54.4,627,460,12,5,3,0,6,5,17,2,0,0,-1
Watford,292,32.8,555,373,8,5,5,3,2,16,20,4,0,6,-1
Chelsea,710,67.2,991,793,5,2,1,10,6,16,17,2,0,11,1
West Ham United,501,69.5,788,583,10,6,5,6,7,13,12,2,1,8,-1
Newcastle United,176,30.5,454,262,7,3,1,9,3,18,40,1,4,7,1
Burnley,208,40,496,299,17,1,1,12,11,7,21,2,7,9,1
West Ham United,348,60,633,459,10,2,2,4,4,14,21,1,1,4,-1
Chelsea,498,60.6,774,572,9,10,8,5,7,19,9,3,0,7,1
Crystal Palace,290,39.4,559,377,17,1,1,1,0,19,21,2,0,2,-1
Leicester City,426,50.2,690,486,10,9,5,7,5,19,19,1,1,10,1
Arsenal,401,49.8,673,478,10,4,2,1,4,18,15,1,2,4,-1
Liverpool,324,45,609,416,10,5,3,5,4,13,27,0,3,5,1
Manchester City,425,55,717,507,5,7,6,3,13,15,24,2,5,5,-1
Manchester United,287,42.7,577,358,10,5,4,11,5,24,11,2,0,13,1
Brighton and Hove Albion,390,57.3,707,483,14,3,3,2,2,28,14,5,4,3,-1
Newcastle United,195,33.9,485,279,10,5,3,9,5,18,31,2,4,7,1
AFC Bournemouth,469,66.1,778,559,5,7,4,4,4,14,24,0,1,5,-1
Norwich City,523,65.8,832,597,7,7,4,5,10,18,9,1,1,5,-1
Watford,232,34.2,522,315,13,6,5,2,4,25,36,2,0,3,1
Southampton,244,47.3,547,345,12,1,1,3,5,12,24,1,2,1,-1
Everton,271,52.7,596,377,12,9,7,5,9,23,20,1,0,10,1
Tottenham Hotspur,507,61.1,806,602,6,8,7,5,4,19,19,2,1,7,0
Sheffield United,285,38.9,591,378,9,7,5,4,4,27,23,2,6,5,0
Wolverhampton Wanderers,309,50.1,594,385,17,7,4,5,6,14,28,4,0,8,1
Aston Villa,299,49.9,589,375,8,5,2,4,3,20,15,3,1,5,-1
Arsenal,404,61,729,487,13,3,3,5,6,25,17,6,2,6,0
Southampton,235,39,540,316,19,11,7,6,8,18,21,2,1,8,0
Aston Villa,425,62,687,490,10,6,6,8,11,15,19,1,1,10,1
Newcastle United,232,38,505,296,9,3,3,5,6,15,27,1,2,5,-1
AFC Bournemouth,355,46.6,608,443,10,4,3,2,5,9,18,2,0,2,-1
Wolverhampton Wanderers,443,53.4,689,509,12,7,5,8,9,11,27,1,4,7,1
Brighton and Hove Albion,385,52.6,650,458,9,4,4,0,6,11,11,2,2,3,-1
Leicester City,345,47.4,594,418,1,8,5,9,7,17,22,0,1,7,1
Crystal Palace,246,40,544,330,8,7,6,6,9,14,31,0,3,6,-1
Liverpool,416,60,703,510,7,4,4,4,8,24,29,1,0,6,1
Everton,305,57.3,621,401,12,7,7,7,7,20,14,3,0,6,-1
Norwich City,218,42.7,538,307,11,3,2,5,7,18,35,5,0,7,1
Manchester City,477,46.7,728,558,5,7,5,4,8,15,12,1,3,4,1
Chelsea,574,53.3,821,644,9,6,4,2,3,15,23,1,4,4,-1
Sheffield United,277,40.6,580,383,13,1,1,8,6,13,21,1,3,7,0
Manchester United,476,59.4,789,587,10,4,3,5,3,10,21,2,1,6,0
Watford,302,61.9,582,396,14,4,3,4,7,11,23,1,2,8,-1
Burnley,158,38.1,422,248,13,3,2,5,5,6,29,3,2,3,1
West Ham United,317,47.1,612,407,12,4,4,4,3,18,13,3,4,6,-1
Tottenham Hotspur,380,52.9,655,471,14,6,4,6,7,19,15,2,6,8,1
Burnley,229,43.5,553,347,13,8,4,4,5,20,16,2,1,5,-1
Crystal Palace,348,56.5,685,464,9,4,2,2,6,15,31,0,1,2,1
Chelsea,589,65.7,920,671,0,8,6,6,9,7,9,0,3,5,-1
West Ham United,248,34.3,545,354,16,1,1,4,3,26,30,3,0,4,1
Leicester City,544,69.3,853,652,7,7,5,6,4,19,9,0,1,7,1
Everton,185,30.7,503,275,9,5,5,3,4,20,32,1,3,6,-1
Liverpool,388,44.8,654,482,3,5,2,7,4,11,16,0,1,6,1
Brighton and Hove Albion,497,55.2,790,592,10,4,3,5,5,11,20,0,6,7,-1
Manchester United,452,62.3,714,525,16,7,4,6,9,6,15,4,1,7,0
Aston Villa,221,37.7,503,309,8,4,3,3,9,22,18,1,4,4,0
Newcastle United,154,23.6,453,238,4,3,1,3,1,18,40,1,3,3,0
Manchester City,672,76.4,958,760,6,8,6,9,10,12,10,2,3,10,0
Norwich City,293,39.9,573,364,8,5,2,8,7,12,35,2,1,9,0
Arsenal,459,60.1,742,541,10,1,1,7,12,16,14,1,0,7,0
Southampton,431,62.8,784,548,6,3,1,6,6,17,19,1,2,5,1
Watford,204,37.2,519,315,10,3,3,3,7,18,32,0,4,1,-1
Tottenham Hotspur,415,52.6,714,515,10,7,7,5,4,19,29,0,1,5,1
AFC Bournemouth,358,47.4,649,455,12,8,7,6,8,8,19,2,0,7,-1
Wolverhampton Wanderers,422,59.4,718,517,12,4,2,3,7,17,13,1,1,6,0
Sheffield United,270,40.6,583,361,18,5,4,4,2,19,37,5,3,4,0
Arsenal,325,49.2,606,389,10,4,4,5,9,19,13,3,7,6,-1
Brighton and Hove Albion,337,50.8,596,413,11,5,3,9,9,11,24,1,0,13,1
Burnley,163,24.5,422,250,9,1,1,2,3,14,24,1,0,2,-1
Manchester City,690,75.5,947,774,6,4,4,8,6,8,18,1,2,10,1
Leicester City,467,63,762,569,13,4,2,6,7,11,27,3,3,6,1
Watford,226,37,526,324,16,1,1,1,2,17,30,2,1,3,-1
Manchester United,335,46.6,638,441,9,3,1,7,4,20,15,0,1,6,1
Tottenham Hotspur,393,53.4,712,497,9,1,0,5,3,18,19,1,1,5,-1
Sheffield United,579,73.3,881,675,10,4,3,6,8,18,13,2,3,7,-1
Newcastle United,167,26.7,449,253,6,1,1,4,1,14,41,0,2,4,1
Wolverhampton Wanderers,390,49.4,680,479,8,6,6,7,5,12,17,1,3,6,1
West Ham United,404,50.6,676,496,9,2,1,3,4,23,17,2,3,4,-1
Chelsea,564,64.5,869,649,18,6,5,9,9,13,15,2,0,15,1
Aston Villa,280,35.5,597,349,10,1,1,3,5,22,30,1,1,7,-1
Crystal Palace,190,30.8,465,258,6,3,1,2,6,16,30,3,1,4,1
AFC Bournemouth,499,69.2,769,575,15,2,2,3,9,26,18,3,0,3,-1
Liverpool,406,58.5,704,501,13,3,3,5,5,15,25,1,3,7,1
Everton,245,41.5,542,339,17,7,5,4,6,19,15,2,3,2,-1
Southampton,252,40.1,582,366,12,5,4,5,6,27,15,1,3,7,1
Norwich City,446,59.9,795,562,7,5,4,3,1,12,30,1,1,5,-1
Aston Villa,234,40.4,518,306,21,9,9,2,8,14,22,6,0,5,-1
Leicester City,411,59.6,693,478,15,8,7,8,6,17,30,2,1,13,1
AFC Bournemouth,198,26.2,467,305,5,1,1,0,1,12,35,0,5,2,-1
Liverpool,759,73.8,1017,852,6,7,5,9,4,10,5,1,1,13,1
Brighton and Hove Albion,474,62,743,581,10,5,3,5,3,13,11,3,1,4,0
Wolverhampton Wanderers,258,38,521,356,7,2,1,6,4,9,11,0,3,8,0
Everton,160,30,470,255,14,3,1,7,1,36,25,3,2,7,1
Chelsea,505,70,843,594,9,7,7,4,5,14,23,0,3,5,-1
Manchester City,587,71.9,885,658,10,6,4,5,16,14,9,3,1,13,-1
Manchester United,199,28.1,475,265,10,2,2,7,3,19,39,2,0,8,1
Newcastle United,233,45.3,581,344,11,0,0,6,3,16,25,1,0,7,1
Southampton,297,54.7,630,410,17,10,5,4,12,24,17,3,1,4,-1
Norwich City,453,58.2,786,579,6,5,4,4,9,17,15,0,1,9,-1
Sheffield United,293,41.8,625,418,12,5,5,3,1,17,23,4,2,2,1
Tottenham Hotspur,368,49,661,476,12,3,2,7,1,19,23,1,1,10,1
Burnley,366,51,671,479,8,5,4,1,1,15,10,1,2,1,-1
Watford,280,50.2,580,384,15,4,4,3,6,14,15,4,1,7,0
Crystal Palace,288,49.8,591,391,16,2,1,0,2,14,26,2,1,1,0
West Ham United,288,35.8,541,365,12,4,2,4,4,27,10,2,1,4,-1
Arsenal,584,64.2,864,675,6,3,2,3,3,12,16,0,0,6,1
Arsenal,419,42.4,674,482,9,4,3,1,3,16,10,1,2,0,-1
Manchester City,608,57.6,847,672,24,3,2,7,3,21,20,4,1,9,1
Burnley,270,48,560,369,15,2,2,4,4,14,28,0,3,4,1
Newcastle United,291,52,575,397,12,7,4,0,3,17,15,2,1,1,-1
Chelsea,487,67,813,590,9,5,4,5,9,15,26,1,3,6,-1
AFC Bournemouth,192,33,530,293,14,1,1,2,4,7,47,2,1,7,1
Crystal Palace,226,34.8,535,315,7,6,3,4,3,14,32,1,0,5,0
Brighton and Hove Albion,496,65.2,801,593,12,3,2,10,7,16,13,1,1,7,0
Leicester City,431,56.8,746,513,11,8,5,5,12,21,15,0,0,7,0
Norwich City,313,43.2,606,397,15,3,2,3,4,17,24,5,1,6,0
Liverpool,538,67.9,847,649,8,8,2,6,6,14,14,2,5,5,1
Watford,198,32.1,514,309,6,6,4,2,3,21,35,1,4,2,-1
Manchester United,454,66.5,759,529,10,8,5,8,6,14,18,1,2,12,0
Everton,176,33.5,470,264,12,5,2,3,5,21,30,2,3,1,0
Sheffield United,394,56.7,697,512,10,2,1,3,3,12,16,2,3,4,1
Aston Villa,272,43.3,596,396,9,7,6,0,2,11,43,2,0,1,-1
Southampton,342,57,701,474,9,9,7,2,5,15,24,1,4,1,-1
West Ham United,218,43,561,359,14,3,3,4,8,17,29,3,2,7,1
Wolverhampton Wanderers,379,57.8,699,494,14,4,2,5,11,18,9,4,0,11,-1
Tottenham Hotspur,273,42.2,592,375,10,3,3,5,2,18,40,4,1,6,1
Aston Villa,335,56.5,667,432,16,7,6,6,7,9,21,2,2,9,-1
Southampton,234,43.5,543,341,15,5,3,8,5,16,24,1,3,6,1
AFC Bournemouth,338,64.8,635,437,13,3,2,0,4,15,31,2,2,0,-1
Burnley,134,35.2,410,230,21,0,0,1,5,13,27,4,0,1,1
Brighton and Hove Albion,532,69,832,648,6,4,2,2,4,9,6,1,2,4,-1
Sheffield United,188,31,456,293,11,5,4,2,3,22,23,3,3,1,1
Everton,280,43,548,353,10,5,3,0,5,15,13,2,0,2,0
Arsenal,403,57,678,484,11,4,4,2,4,14,24,3,1,2,0
Manchester City,620,62.7,859,690,14,7,6,12,6,19,3,2,1,15,1
Leicester City,332,37.3,585,409,9,3,3,2,1,14,16,2,3,2,-1
Newcastle United,282,42.5,552,365,12,2,2,3,4,25,16,2,2,4,1
Crystal Palace,420,57.5,702,503,11,7,6,4,5,18,14,0,0,7,-1
Norwich City,364,50.2,642,455,7,5,2,7,4,15,18,2,3,7,-1
Wolverhampton Wanderers,357,49.8,618,440,14,2,0,4,11,13,12,4,2,11,1
Tottenham Hotspur,356,44.5,651,455,9,2,2,1,3,19,20,4,0,2,-1
Chelsea,467,55.5,768,571,11,6,6,3,5,16,15,3,2,4,1
Watford,209,36.1,511,313,16,3,2,3,3,19,15,3,5,4,1
Manchester United,473,63.9,767,562,11,6,4,8,5,18,22,1,4,10,-1
West Ham United,238,29.4,519,331,6,3,2,4,3,17,19,2,1,3,-1
Liverpool,735,70.6,1007,828,6,5,5,5,7,17,12,0,0,4,1
Aston Villa,271,42.5,553,363,15,5,5,2,5,19,20,2,1,6,1
Norwich City,424,57.5,704,508,12,6,4,6,8,7,29,3,0,6,-1
AFC Bournemouth,305,39.5,580,383,5,5,3,4,8,16,24,4,1,5,0
Arsenal,520,60.5,796,599,13,6,6,2,3,10,19,4,0,6,0
Chelsea,556,66.1,937,688,10,5,5,3,8,21,7,3,1,4,-1
Southampton,228,33.9,595,362,9,0,0,3,1,32,31,2,2,3,1
Crystal Palace,464,58.2,787,557,5,8,5,4,7,16,16,0,1,3,1
West Ham United,288,41.8,608,390,10,5,4,2,6,30,27,2,2,5,-1
Everton,426,67.5,717,521,15,8,6,5,10,5,14,0,0,11,1
Burnley,144,32.5,418,255,14,6,5,0,3,20,25,0,1,0,-1
Leicester City,345,41.2,618,421,5,2,1,0,2,16,36,1,6,1,-1
Liverpool,506,58.8,788,590,7,7,7,6,8,10,15,1,3,6,1
Manchester United,732,73.3,986,815,10,7,6,10,5,17,2,2,1,9,1
Newcastle United,213,26.7,471,295,7,5,5,2,0,20,22,2,1,2,-1
Sheffield United,392,58.1,713,517,11,6,4,4,9,18,10,0,4,8,0
Watford,265,41.9,583,386,8,2,0,2,1,7,27,3,1,3,0
Tottenham Hotspur,390,53.8,692,494,10,2,2,5,9,19,19,4,5,5,1
Brighton and Hove Albion,331,46.2,640,416,9,5,2,5,2,23,28,2,0,5,-1
Wolverhampton Wanderers,500,61.9,759,564,7,6,5,8,3,13,2,0,0,14,1
Manchester City,282,38.1,530,358,13,3,2,3,1,16,32,1,1,2,-1
Arsenal,337,42.1,615,427,13,5,5,2,2,16,20,5,2,1,-1
Chelsea,482,57.9,771,577,19,6,3,4,3,17,10,4,1,7,1
Brighton and Hove Albion,411,55.1,706,496,9,6,5,6,9,23,12,0,3,9,1
AFC Bournemouth,317,44.9,600,413,11,3,3,2,2,18,30,2,0,4,-1
Burnley,200,38.6,455,295,17,5,4,1,5,13,12,4,5,2,-1
Manchester United,407,61.4,675,501,10,3,1,5,4,6,20,3,2,7,1
Liverpool,522,62.9,808,607,7,4,3,3,5,19,15,1,2,6,1
Wolverhampton Wanderers,258,37.1,559,352,3,5,5,2,6,23,20,0,5,1,-1
Manchester City,789,72.9,1021,871,5,6,4,4,8,10,12,1,1,9,1
Sheffield United,233,27.1,477,314,6,6,6,0,5,16,23,1,5,1,-1
Newcastle United,233,42.7,535,317,13,9,5,5,5,14,25,2,3,10,-1
Everton,341,57.3,659,435,13,7,5,9,8,15,32,2,2,11,1
Norwich City,279,41.1,597,394,12,3,3,2,4,22,26,3,3,1,0
Tottenham Hotspur,450,58.9,768,554,10,1,1,7,6,22,11,3,3,12,0
Southampton,380,59.9,682,471,13,4,4,5,12,20,11,1,2,4,0
Crystal Palace,243,40.1,543,334,7,3,1,2,4,16,32,2,2,2,0
Watford,331,48.8,600,417,16,5,3,6,6,14,23,3,1,11,1
Aston Villa,352,51.2,631,433,9,3,2,2,3,11,23,1,3,7,-1
West Ham United,271,42.7,591,383,16,5,3,4,5,24,17,4,2,9,-1
Leicester City,424,57.3,751,523,4,2,2,8,6,11,10,1,3,7,1
Arsenal,435,48.8,715,513,11,5,5,4,1,19,18,2,0,3,1
Manchester United,462,51.2,729,542,15,3,2,4,4,12,7,0,0,6,-1
Brighton and Hove Albion,377,47.7,714,484,8,4,2,5,5,20,13,2,0,9,0
Chelsea,436,52.3,755,537,15,4,4,5,3,25,26,3,3,7,0
Burnley,405,61.9,699,506,12,13,12,1,8,7,12,1,2,4,-1
Aston Villa,223,38.1,500,327,10,3,3,6,4,13,31,1,1,6,1
Liverpool,876,74.8,1109,969,5,5,5,7,8,6,9,0,1,11,1
Sheffield United,239,25.2,470,327,8,1,0,2,4,14,29,0,3,2,-1
Manchester City,700,65.4,943,777,11,7,7,7,3,10,13,0,3,8,1
Everton,310,34.6,555,401,11,3,3,2,6,14,11,4,1,2,-1
Newcastle United,170,23.4,431,244,8,2,1,2,4,15,20,1,0,3,-1
Leicester City,755,76.6,1022,833,12,5,3,10,5,17,14,1,3,9,1
Burnley,405,61.9,699,506,12,13,12,1,8,7,12,1,2,4,-1
Aston Villa,223,38.1,500,327,10,3,3,6,4,13,31,1,1,6,1
Newcastle United,170,23.4,431,244,8,2,1,2,4,15,20,1,0,3,-1
Leicester City,755,76.6,1022,833,12,5,3,10,5,17,14,1,3,9,1
Norwich City,292,40.6,604,362,12,8,6,4,2,30,32,5,2,5,0
Crystal Palace,422,59.4,744,521,9,4,3,3,5,16,8,0,1,6,0
Southampton,217,40.9,583,343,21,4,3,3,6,22,37,3,1,7,1
Tottenham Hotspur,369,59.1,741,499,8,2,1,5,9,23,24,4,3,5,-1
Watford,250,36.4,519,343,12,4,3,3,4,13,34,3,1,5,1
Wolverhampton Wanderers,491,63.6,773,578,6,7,5,4,7,23,7,1,0,7,-1
West Ham United,352,42.6,639,444,3,5,4,7,9,23,14,1,1,6,1
AFC Bournemouth,539,57.4,808,618,12,1,1,2,2,20,21,2,3,2,-1
Aston Villa,291,29.4,538,362,5,4,3,1,2,15,20,2,1,2,-1
Manchester City,809,70.6,1037,877,12,8,5,12,4,16,5,1,0,13,1
AFC Bournemouth,420,56.7,742,536,3,7,4,1,5,8,15,1,0,2,-1
Watford,296,43.3,609,411,13,6,4,6,5,27,36,1,5,10,1
Chelsea,478,65.5,754,568,7,4,4,8,10,13,9,0,6,10,1
Burnley,206,34.5,473,300,4,2,1,3,3,13,22,3,6,1,-1
Crystal Palace,258,42.7,567,362,14,2,1,3,1,25,11,2,3,2,0
Arsenal,381,57.3,691,487,22,2,1,4,4,17,19,3,1,2,0
Everton,390,53.8,705,491,7,4,3,6,4,21,22,2,2,8,1
Brighton and Hove Albion,315,46.2,646,426,7,6,3,2,3,13,27,1,2,2,-1
Leicester City,331,58.2,686,455,9,0,0,5,2,20,21,0,3,5,-1
Southampton,181,41.8,533,318,17,5,4,10,4,23,10,3,2,8,1
Manchester United,554,59.6,847,646,18,4,4,6,4,21,8,0,2,5,1
Norwich City,347,40.4,652,440,7,2,0,3,2,22,20,0,0,4,-1
Sheffield United,306,46.9,612,437,11,6,5,3,7,19,11,1,3,5,1
West Ham United,369,53.1,713,504,6,5,4,2,3,16,18,0,1,0,-1
Tottenham Hotspur,298,33.2,591,381,4,8,5,4,4,13,38,0,2,6,-1
Liverpool,683,66.8,961,786,8,5,4,7,3,20,9,2,2,7,1
Wolverhampton Wanderers,505,65.7,779,593,13,3,2,4,5,16,8,0,0,3,0
Newcastle United,233,34.3,496,311,12,2,2,1,2,15,37,3,1,3,0
Arsenal,457,61,758,567,9,5,3,4,4,13,16,1,3,5,0
Sheffield United,246,39,534,353,13,6,3,4,5,20,17,2,0,3,0
Brighton and Hove Albion,391,55.3,729,500,11,3,1,2,3,20,12,3,2,7,0
Aston Villa,295,44.7,618,397,13,5,3,3,4,20,19,3,4,2,0
Burnley,282,44.5,611,386,14,2,2,5,4,16,18,1,1,2,1
Leicester City,388,55.5,702,492,8,6,3,8,5,23,26,0,0,10,-1
Liverpool,403,53.2,717,509,7,6,5,5,11,22,13,1,2,9,1
Manchester United,360,46.8,659,455,10,4,3,4,5,16,34,3,3,2,-1
Manchester City,595,72.5,898,666,9,10,6,6,14,13,3,1,0,13,0
Crystal Palace,174,27.5,458,270,7,1,1,3,2,18,44,2,1,3,0
Newcastle United,192,30.1,507,286,9,5,5,2,1,13,40,1,1,1,1
Chelsea,557,69.9,854,655,14,7,5,4,10,15,9,1,2,10,-1
Norwich City,535,66,820,635,10,5,4,5,4,13,11,2,0,7,1
AFC Bournemouth,214,34,493,316,10,1,1,3,5,19,21,2,3,4,-1
Southampton,282,52.5,607,402,13,5,4,5,1,14,16,2,2,4,-1
Wolverhampton Wanderers,237,47.5,563,371,12,3,2,4,3,13,18,1,2,3,1
Watford,236,41.5,551,342,13,8,6,2,3,25,11,2,2,5,0
Tottenham Hotspur,414,58.5,741,504,13,6,5,5,3,17,41,3,3,8,0
West Ham United,338,48.8,645,435,11,4,4,6,7,16,17,1,3,6,0
Everton,364,51.2,659,459,13,5,3,3,6,20,19,0,1,5,0
Aston Villa,451,64.5,790,558,11,8,7,5,6,9,14,2,0,7,1
Watford,214,35.5,522,314,18,3,3,2,3,21,33,2,3,3,-1
AFC Bournemouth,205,34.7,495,303,9,4,3,3,5,10,20,1,2,6,1
Brighton and Hove Albion,473,65.3,785,567,12,6,5,8,8,16,14,1,1,8,-1
Everton,470,54.9,769,562,13,7,5,8,6,15,16,1,1,7,0
Newcastle United,369,45.1,659,462,10,3,2,3,4,9,27,1,0,1,0
Leicester City,491,67.3,771,569,10,4,2,8,7,17,10,1,2,13,1
West Ham United,185,32.7,456,273,19,3,2,2,8,9,24,1,1,1,-1
Manchester United,592,72.2,880,692,11,10,8,7,5,10,13,0,2,12,-1
Burnley,154,27.8,441,261,7,2,1,2,2,13,29,2,2,3,1
Sheffield United,187,32.7,463,286,13,2,2,1,5,13,23,4,4,1,-1
Manchester City,520,67.3,795,600,13,8,8,5,13,8,24,3,1,8,1
Wolverhampton Wanderers,412,46.4,678,505,6,5,4,3,2,11,7,0,2,5,-1
Liverpool,495,53.6,755,594,11,1,1,6,4,11,20,1,0,7,1
Chelsea,479,58.8,751,546,11,5,3,8,17,18,18,2,2,13,0
Arsenal,301,41.2,579,385,6,0,0,2,5,21,31,1,1,2,0
Crystal Palace,231,44.4,597,365,12,5,4,0,0,20,18,1,2,1,-1
Southampton,317,55.6,681,451,13,6,6,6,8,22,16,2,1,9,1
Tottenham Hotspur,384,50.4,680,479,12,5,4,3,7,11,14,0,1,7,1
Norwich City,375,49.6,683,475,7,7,6,2,3,24,19,1,0,5,-1
AFC Bournemouth,188,39.6,524,303,10,5,3,6,1,12,36,1,1,5,1
Aston Villa,347,60.4,660,456,15,9,9,5,8,5,13,3,3,7,-1
Burnley,245,42.7,533,324,8,10,10,2,5,20,21,1,4,5,0
Arsenal,372,57.3,658,462,11,6,6,2,7,17,23,3,1,5,0
Crystal Palace,418,60.7,721,515,9,5,4,3,9,14,12,3,1,7,-1
Sheffield United,240,39.3,533,337,15,3,1,3,5,20,28,2,0,6,1
Leicester City,369,49.7,671,478,16,5,5,4,4,25,18,2,1,7,0
Chelsea,379,50.3,698,485,14,1,1,3,6,15,18,2,1,3,0
Liverpool,403,61.5,728,530,9,3,3,9,6,14,23,0,2,10,1
Southampton,205,38.5,539,321,15,7,6,4,11,18,26,2,5,6,-1
Manchester United,560,63.7,851,633,14,8,4,5,4,19,12,3,0,5,0
Wolverhampton Wanderers,281,36.3,575,354,15,5,2,4,6,28,21,2,1,8,0
Newcastle United,291,43.4,579,365,10,4,2,5,8,15,37,2,3,9,0
Norwich City,393,56.6,687,485,15,9,5,4,12,10,22,1,0,7,0
Tottenham Hotspur,261,33.1,531,347,8,0,0,3,2,21,29,2,2,3,1
Manchester City,608,66.9,868,692,14,6,5,6,6,15,13,3,0,7,-1
Watford,252,44.6,549,364,17,6,2,2,4,15,20,2,0,4,-1
Everton,327,55.4,636,441,14,4,4,5,4,22,21,2,2,4,1
West Ham United,237,35.1,524,321,8,3,2,6,4,23,20,1,2,7,0
Brighton and Hove Albion,509,64.9,799,607,9,10,7,6,6,19,13,1,1,5,0
Arsenal,585,68.4,816,643,15,6,6,7,5,12,15,2,1,7,1
Newcastle United,239,31.6,463,295,9,5,4,2,6,18,20,0,4,5,-1
Aston Villa,339,54.3,690,444,12,8,6,4,12,14,18,2,0,8,-1
Tottenham Hotspur,292,45.7,622,386,10,6,6,10,7,24,28,0,1,10,1
Brighton and Hove Albion,502,67.2,797,603,9,5,3,2,3,13,8,2,2,2,0
Watford,193,32.8,491,301,12,2,2,2,2,25,28,2,2,2,0
Chelsea,528,61.2,799,606,11,6,4,1,9,18,14,4,2,6,-1
Manchester United,304,38.8,568,382,11,4,2,3,8,12,27,3,0,5,1
Everton,263,46.6,594,358,11,4,3,8,4,20,22,0,1,7,1
Crystal Palace,323,53.4,642,420,12,6,4,2,6,15,20,1,2,2,-1
Manchester City,822,77.3,1070,896,5,5,4,7,6,11,12,0,1,11,1
West Ham United,178,22.7,433,254,7,2,2,0,1,15,36,1,3,1,-1
Norwich City,268,36.7,571,373,5,3,3,1,2,17,33,1,1,2,-1
Liverpool,524,63.3,801,624,11,7,6,6,7,16,7,2,0,7,1
Sheffield United,320,54.3,666,449,10,4,3,6,8,17,20,2,0,7,1
AFC Bournemouth,283,45.7,613,391,8,7,6,2,4,10,47,3,1,2,-1
Southampton,386,63.6,731,518,8,5,4,2,4,11,10,2,1,3,-1
Burnley,180,36.4,509,297,11,3,2,6,3,18,30,2,3,5,1
Wolverhampton Wanderers,243,40.8,557,328,13,8,7,3,7,18,15,2,2,4,0
Leicester City,413,59.2,698,493,10,2,2,3,0,21,17,2,0,5,0
Arsenal,423,51.3,666,491,12,5,5,4,6,13,16,0,2,4,1
Everton,386,48.7,632,455,12,8,7,5,3,21,8,4,2,7,-1
Burnley,206,42.1,503,306,9,2,2,10,7,22,18,4,1,9,1
AFC Bournemouth,339,57.9,639,430,9,4,3,4,4,12,33,3,1,6,-1
Chelsea,455,49.1,772,551,14,8,3,7,3,26,13,1,1,7,1
Tottenham Hotspur,471,50.9,794,572,14,0,0,3,5,24,15,2,0,4,-1
Crystal Palace,263,44.2,585,356,15,7,6,9,7,22,15,2,0,8,1
Newcastle United,344,55.8,655,447,11,3,3,2,5,16,15,6,3,3,-1
Leicester City,239,31.9,515,311,14,4,3,3,3,14,21,0,1,3,-1
Manchester City,603,68.1,871,677,10,6,4,7,7,15,14,0,1,10,1
Liverpool,530,69.3,861,626,4,10,9,7,16,23,19,0,2,12,1
West Ham United,177,30.7,495,269,10,2,0,4,8,19,43,3,2,4,-1
Manchester United,479,58,789,597,6,9,8,9,3,21,15,0,1,8,1
Watford,314,42,601,420,15,2,1,2,5,16,6,1,1,4,-1
Sheffield United,411,66.3,782,532,5,5,3,3,12,15,7,0,3,7,0
Brighton and Hove Albion,188,33.7,523,285,6,4,4,2,2,15,56,2,2,4,0
Southampton,234,45.9,552,341,13,11,10,9,9,17,15,1,0,9,1
Aston Villa,295,54.1,607,398,17,0,0,1,6,13,25,4,2,4,-1
Wolverhampton Wanderers,292,39.8,592,378,11,9,6,6,4,32,12,2,1,7,1
Norwich City,499,60.2,779,588,6,1,1,4,1,16,10,3,0,5,-1
Aston Villa,301,45.1,575,382,11,5,5,6,12,8,17,1,1,7,0
Sheffield United,384,54.9,648,483,14,1,1,1,4,18,17,1,0,2,0
AFC Bournemouth,206,26.9,515,301,8,3,3,5,4,8,49,2,1,6,0
Chelsea,707,73.1,1022,808,5,12,10,6,14,18,19,2,2,7,0
Brighton and Hove Albion,444,66.5,778,538,8,9,6,8,8,26,15,2,1,12,-1
Crystal Palace,187,33.5,506,273,9,6,5,3,7,23,32,1,3,4,1
Everton,241,44.1,551,327,11,6,3,5,13,14,19,3,3,5,0
Manchester United,332,55.9,640,431,11,5,4,5,8,16,27,4,1,7,0
Manchester City,639,67.1,834,692,9,5,4,12,5,7,6,1,1,10,1
Arsenal,279,32.9,466,333,7,3,2,0,2,15,11,1,5,0,-1
Newcastle United,254,54,576,376,11,6,4,4,11,19,18,4,2,9,0
Burnley,212,46,533,323,9,4,3,0,7,14,20,3,2,3,0
Norwich City,260,42.6,560,344,13,1,1,6,6,22,23,1,2,6,1
Leicester City,389,57.4,667,468,16,8,5,4,7,15,10,2,0,8,-1
Tottenham Hotspur,532,65.5,824,621,12,2,2,5,4,22,19,3,0,7,-1
Wolverhampton Wanderers,238,34.5,535,322,14,7,6,4,5,25,28,2,0,4,1
Watford,198,29.2,485,299,4,7,5,5,3,13,41,0,5,5,1
Liverpool,620,70.8,893,732,8,4,2,1,5,8,13,0,1,3,-1
West Ham United,152,33.7,481,257,8,5,3,7,4,16,35,1,0,9,1
Southampton,390,66.3,737,521,11,3,2,2,9,17,20,1,1,5,-1
Arsenal,530,68.9,799,621,11,3,3,2,6,13,28,1,2,6,1
West Ham United,181,31.1,448,264,9,6,3,6,7,11,18,2,2,6,-1
Burnley,280,45,623,378,16,4,2,8,4,24,21,5,2,7,0
Tottenham Hotspur,356,55,692,479,11,6,3,2,5,14,36,4,0,5,0
Chelsea,572,60.2,823,646,8,5,4,11,6,13,12,1,0,10,1
Everton,328,39.8,571,415,10,1,1,1,1,15,11,2,1,1,-1
Crystal Palace,266,44.2,604,371,12,3,3,3,8,21,33,4,2,7,1
Watford,349,55.8,665,464,16,2,2,3,8,22,18,4,1,5,-1
Leicester City,447,64.6,757,543,15,7,7,7,9,24,12,2,3,6,1
Aston Villa,209,35.4,510,301,12,3,2,1,0,23,22,1,2,1,-1
Liverpool,621,74.5,917,729,10,4,3,6,9,7,20,0,1,9,1
AFC Bournemouth,149,25.5,419,246,12,0,0,4,4,9,43,1,5,6,-1
Manchester United,216,27.7,488,294,11,2,2,6,2,19,33,2,1,5,1
Manchester City,676,72.3,948,761,9,3,3,4,11,15,8,4,2,4,-1
Sheffield United,267,41.8,576,359,12,4,2,4,10,14,31,0,1,4,1
Norwich City,422,58.2,736,519,8,4,2,5,5,18,27,0,3,5,-1
Southampton,205,38,502,298,14,1,1,3,5,19,18,0,0,4,-1
Newcastle United,403,62,696,500,15,3,3,7,8,15,18,3,2,6,1
Wolverhampton Wanderers,343,43.1,668,458,4,7,4,1,2,22,14,1,0,3,0
Brighton and Hove Albion,500,56.9,821,606,7,4,4,1,0,23,21,3,0,2,0
Aston Villa,158,26,412,246,9,3,2,4,2,8,31,2,0,3,-1
Chelsea,593,74,859,692,17,7,5,5,10,7,11,1,0,10,1
AFC Bournemouth,412,58.7,680,494,13,7,7,1,11,18,8,3,2,4,-1
Crystal Palace,268,41.3,541,350,15,4,3,2,4,26,20,2,3,2,1
Brighton and Hove Albion,261,41.3,495,325,13,2,1,5,10,22,23,2,0,5,1
Arsenal,423,58.7,665,476,8,3,1,6,8,8,25,1,4,7,-1
Everton,172,29.9,426,256,15,3,3,3,1,20,26,2,2,3,0
Liverpool,505,70.1,767,594,12,4,4,3,6,16,3,2,1,3,0
Manchester City,746,71.7,938,816,8,7,7,7,3,12,8,1,1,10,1
Burnley,246,28.3,434,322,7,1,0,0,1,11,12,1,2,0,-1
Newcastle United,361,46,603,442,9,2,1,8,2,11,12,2,3,9,1
Sheffield United,424,54,664,509,10,3,3,1,4,16,12,0,1,4,-1
Norwich City,289,55,616,406,9,3,3,1,9,19,15,1,3,5,-1
Southampton,230,45,552,333,15,6,4,9,7,24,16,1,1,12,1
Tottenham Hotspur,273,38.8,566,365,17,3,1,3,7,14,30,0,1,5,0
Manchester United,485,61.2,791,586,18,4,4,6,6,16,18,1,3,6,0
Watford,159,31.7,459,254,15,3,1,4,2,13,22,0,0,5,0
Leicester City,452,68.3,760,555,12,7,5,2,7,27,25,1,3,7,0
West Ham United,272,42.2,536,357,8,2,2,2,5,15,16,1,0,4,-1
Wolverhampton Wanderers,414,57.8,695,506,7,1,1,6,7,18,18,1,1,8,1
Burnley,298,55.2,610,424,13,4,3,5,1,11,36,1,3,4,1
Watford,203,44.8,500,329,15,6,3,4,7,16,13,0,0,3,-1
Chelsea,316,35.3,517,382,13,3,0,10,5,13,20,1,3,6,1
Manchester City,650,64.7,875,713,3,6,6,2,7,7,8,1,1,4,-1
Leicester City,506,66.4,783,588,10,7,5,2,6,16,20,2,0,3,0
Brighton and Hove Albion,211,33.6,487,294,13,3,2,2,7,21,25,2,0,4,0
Liverpool,789,73.3,1051,886,7,10,6,7,6,17,1,0,0,5,1
Crystal Palace,235,26.7,509,330,5,3,2,0,0,20,37,0,1,0,-1
Manchester United,681,68.2,891,748,10,5,5,6,10,7,18,1,1,7,1
Sheffield United,279,31.8,486,338,6,1,1,1,5,15,18,0,2,3,-1
Newcastle United,320,52.1,595,416,15,4,3,3,6,6,32,2,1,9,0
Aston Villa,285,47.9,541,369,13,7,7,2,9,5,18,2,0,6,0
Norwich City,345,46.6,629,432,8,2,2,1,6,15,24,0,1,4,-1
Everton,396,53.4,689,495,13,3,2,5,5,20,22,1,1,8,1
Southampton,345,52.6,608,435,10,7,5,3,4,17,8,0,2,3,-1
Arsenal,304,47.4,566,398,14,3,3,5,6,10,19,2,1,2,1
Tottenham Hotspur,571,64.5,826,662,12,11,9,4,9,9,10,2,3,3,1
West Ham United,266,35.5,533,361,7,7,7,2,4,21,24,2,2,3,-1
Wolverhampton Wanderers,353,55.1,613,425,11,7,3,2,6,14,24,3,2,3,1
AFC Bournemouth,264,44.9,519,347,11,2,1,0,4,17,15,3,2,2,-1
Arsenal,400,51.6,626,468,10,4,2,8,6,12,11,1,0,5,1
Norwich City,354,48.4,601,445,10,3,3,2,2,19,18,4,2,3,-1
Aston Villa,345,48,568,423,16,8,6,1,2,8,9,1,0,3,-1
Wolverhampton Wanderers,373,52,601,464,16,6,4,2,2,10,9,1,2,3,1
AFC Bournemouth,410,54.9,662,493,11,6,5,1,6,16,7,2,2,5,-1
Newcastle United,333,45.1,571,420,10,4,3,7,3,16,13,0,1,6,1
Brighton and Hove Albion,305,38,529,375,10,5,3,2,4,13,13,0,2,1,-1
Manchester United,555,62,780,629,9,4,3,6,5,16,12,1,2,6,1
Crystal Palace,389,58.4,678,479,12,6,2,4,9,13,13,1,0,4,-1
Burnley,272,41.6,545,354,13,3,2,4,1,16,35,1,0,3,1
Everton,244,34.9,524,331,13,2,2,2,3,20,34,1,0,3,1
Leicester City,521,65.1,796,596,10,6,5,3,5,15,9,1,1,7,-1
Manchester City,412,47,662,490,8,6,6,6,3,10,19,2,3,5,1
Liverpool,475,53,709,551,7,2,2,3,3,13,8,2,2,7,-1
Sheffield United,210,32.5,494,312,13,2,2,5,1,18,28,2,2,5,1
Tottenham Hotspur,543,67.5,826,637,13,5,4,2,6,14,10,0,1,3,-1
Watford,271,47.6,587,396,18,2,0,0,5,13,10,3,1,2,-1
Southampton,334,52.4,663,460,9,3,3,7,3,20,28,0,1,4,1
West Ham United,200,28.8,442,273,10,2,2,4,2,16,29,2,2,5,1
Chelsea,583,71.2,845,658,9,9,8,6,3,19,9,1,2,5,-1
Burnley,294,47.4,606,404,8,5,3,4,3,9,36,0,2,4,0
Sheffield United,315,52.6,625,441,14,3,3,3,9,12,17,0,1,6,0
Chelsea,660,70.4,923,731,9,4,2,9,5,13,18,0,1,8,1
Watford,230,29.6,480,300,12,4,2,3,3,24,21,2,2,2,-1
Leicester City,427,52.2,710,506,18,6,6,4,3,29,20,2,1,6,1
Crystal Palace,358,47.8,656,450,8,5,3,1,7,18,4,1,1,2,-1
Liverpool,566,71.2,830,672,18,1,1,4,7,7,18,1,1,5,1
Aston Villa,175,28.8,457,263,8,4,4,3,5,8,26,1,5,5,-1
Manchester United,575,69.3,812,648,3,4,4,10,8,16,9,0,4,10,1
AFC Bournemouth,214,30.7,439,283,12,3,0,3,3,10,17,1,4,3,-1
Newcastle United,423,57.4,704,516,9,5,3,4,6,22,20,1,1,5,0
West Ham United,291,42.6,563,379,11,6,6,7,4,18,14,0,1,8,0
Norwich City,506,58,763,587,11,4,4,1,0,14,19,2,4,7,-1
Brighton and Hove Albion,345,42,594,418,13,3,2,2,2,11,17,2,0,5,1
Southampton,209,26.3,519,297,6,3,1,4,2,20,57,1,3,4,1
Manchester City,723,73.7,1022,808,7,9,6,6,13,16,12,2,3,12,-1
Tottenham Hotspur,370,51.6,630,448,14,6,4,2,5,13,23,3,2,2,1
Everton,341,48.4,587,413,18,4,1,3,6,10,22,2,2,4,-1
Wolverhampton Wanderers,441,51.9,692,516,6,5,5,1,3,13,9,2,1,5,-1
Arsenal,397,48.1,651,482,11,1,1,5,5,29,25,4,0,3,1
Arsenal,223,37.5,518,323,10,2,2,7,10,6,13,1,4,6,0
Leicester City,460,62.5,733,558,14,7,6,5,1,17,20,0,1,5,0
Aston Villa,236,33.4,473,310,7,5,4,1,3,9,16,2,2,3,-1
Manchester United,567,66.6,789,637,13,6,5,6,5,11,11,3,1,7,1
AFC Bournemouth,184,35.7,478,271,11,3,3,2,8,15,26,3,1,5,0
Tottenham Hotspur,405,64.3,715,499,14,4,2,0,12,21,38,2,0,2,0
Brighton and Hove Albion,300,44.4,594,381,7,7,6,2,6,12,39,1,5,4,-1
Liverpool,395,55.6,667,477,15,5,4,8,10,11,18,4,0,13,1
Crystal Palace,296,42,609,381,11,4,2,4,7,19,19,1,1,6,-1
Chelsea,451,58,764,538,10,6,4,6,9,21,23,0,0,8,1
Everton,241,38.7,522,330,13,4,2,4,3,12,26,3,3,4,0
Southampton,420,61.3,697,518,14,6,4,4,5,13,12,3,2,5,0
Manchester City,788,73.6,1000,843,13,6,6,9,8,5,11,0,2,15,1
Newcastle United,214,26.4,450,296,7,0,0,1,1,15,14,0,0,5,-1
Sheffield United,277,42.8,563,382,5,3,3,3,6,16,15,2,3,3,1
Wolverhampton Wanderers,435,57.2,731,545,6,5,3,1,1,13,27,0,0,1,-1
Watford,275,43.5,564,375,11,5,3,4,4,21,8,2,0,3,1
Norwich City,417,56.5,705,504,15,6,4,3,3,19,30,4,0,3,-1
West Ham United,320,53.2,637,427,7,7,5,5,10,19,16,1,0,11,-1
Burnley,303,46.8,619,395,7,3,3,4,3,17,45,1,5,4,1
Aston Villa,231,44.9,494,314,21,1,1,9,5,12,12,2,1,9,1
Crystal Palace,306,55.1,590,386,21,3,3,5,1,15,15,4,0,4,-1
AFC Bournemouth,306,44.1,611,424,11,3,2,4,2,6,20,2,4,4,1
Leicester City,438,55.9,729,545,12,3,2,5,6,17,13,1,1,7,-1
Brighton and Hove Albion,256,29.8,476,335,7,3,3,0,2,12,15,1,6,0,-1
Manchester City,723,70.2,975,799,3,12,10,8,7,16,9,0,1,12,1
Liverpool,564,70.8,857,659,7,5,3,9,12,10,17,1,2,15,0
Burnley,158,29.2,436,265,4,2,1,2,6,11,36,2,3,2,0
Manchester United,368,47.5,654,463,14,3,1,4,4,13,20,1,1,4,0
Southampton,412,52.5,684,510,15,2,2,5,6,10,16,3,0,5,0
Norwich City,471,52.5,695,542,9,6,5,2,1,16,16,1,1,4,-1
West Ham United,398,47.5,633,478,8,11,10,7,6,12,8,0,0,7,1
Sheffield United,159,23.7,408,251,8,3,2,4,4,7,37,1,1,4,1
Chelsea,712,76.3,981,809,6,7,7,4,6,8,12,0,0,6,-1
Tottenham Hotspur,306,37.3,542,378,16,1,1,9,6,22,21,5,2,13,1
Arsenal,566,62.7,808,636,11,6,3,4,5,12,13,3,0,3,-1
Watford,216,47.7,488,316,23,5,4,5,2,12,10,1,3,9,1
Newcastle United,257,52.3,531,353,15,4,3,4,4,13,21,4,3,3,-1
Wolverhampton Wanderers,487,55.1,717,564,9,4,4,7,5,9,11,0,1,6,1
Everton,370,44.9,595,450,9,1,1,2,2,10,13,2,0,5,-1
Arsenal,183,31.1,456,286,14,1,1,2,2,21,24,3,5,1,1
Liverpool,522,68.9,816,614,10,7,6,8,13,12,3,1,4,13,-1
Burnley,255,46.7,522,359,10,4,4,1,3,12,21,0,1,4,0
Wolverhampton Wanderers,317,53.3,598,413,8,6,4,5,8,9,20,0,1,6,0
Chelsea,689,67.7,950,772,10,12,10,6,8,8,6,2,0,7,1
Norwich City,287,32.3,540,374,9,0,0,0,1,15,21,2,1,2,-1
Crystal Palace,336,40.6,626,428,10,4,4,5,2,26,18,1,1,4,-1
Manchester United,546,59.4,827,625,15,9,5,5,7,14,13,2,0,7,1
Everton,381,54.9,622,443,15,6,5,1,5,10,20,2,0,3,0
Aston Villa,288,45.1,527,362,13,7,6,1,5,9,14,1,0,6,0
Leicester City,374,54.4,658,472,12,3,3,7,9,18,24,1,3,9,1
Sheffield United,301,45.6,586,401,10,3,2,1,5,10,24,2,4,2,-1
Manchester City,669,72.5,923,756,10,4,3,4,3,15,25,1,2,3,1
AFC Bournemouth,179,27.5,435,275,10,6,5,3,5,9,10,1,2,4,-1
Newcastle United,440,52.8,662,503,6,10,8,6,5,14,9,2,0,9,-1
Tottenham Hotspur,394,47.2,623,456,13,1,0,5,4,14,21,3,1,6,1
Southampton,490,67.9,787,597,6,7,5,6,8,15,8,1,1,10,0
Brighton and Hove Albion,171,32.1,465,281,10,4,1,2,2,18,21,0,2,4,0
West Ham United,190,40.6,497,297,11,2,2,4,9,13,28,0,1,5,1
Watford,336,59.4,652,439,11,6,5,3,3,16,18,2,2,5,-1
Aston Villa,200,31,439,264,13,4,3,3,8,16,32,2,1,4,1
Arsenal,536,69,771,606,19,4,3,0,9,3,18,4,1,2,-1
AFC Bournemouth,174,43,506,288,12,4,4,3,12,17,11,2,2,4,-1
Southampton,281,57,634,407,11,3,3,8,6,22,47,2,1,9,1
Brighton and Hove Albion,477,62.5,725,542,13,5,3,3,9,12,19,4,1,6,0
Newcastle United,241,37.5,497,315,12,4,4,1,7,15,23,2,1,6,0
Liverpool,474,50,749,584,8,2,2,7,6,19,14,1,0,5,1
Chelsea,481,50,752,575,11,5,4,5,0,9,15,0,3,4,-1
Manchester United,527,57.2,775,609,10,5,5,4,2,9,8,3,3,4,0
West Ham United,349,42.8,613,441,9,6,5,3,3,20,18,1,1,4,0
Norwich City,267,42.3,516,354,9,2,2,2,6,6,23,0,1,2,-1
Burnley,404,57.7,638,468,16,7,7,8,8,13,8,0,1,11,1
Sheffield United,369,50.6,651,468,11,3,2,0,7,17,12,1,1,4,-1
Everton,367,49.4,660,472,19,3,3,2,1,10,29,3,2,2,1
Tottenham Hotspur,205,29,465,285,15,1,1,3,4,17,30,2,4,6,1
Leicester City,630,71,893,697,10,8,6,6,13,12,7,1,0,11,-1
Watford,154,23.1,410,232,14,2,1,0,0,18,21,2,4,0,-1
Manchester City,687,76.9,941,764,11,6,5,10,8,22,11,0,3,13,1
Wolverhampton Wanderers,380.0,53.4,651.0,465.0,11.0,3.0,3.0,5.0,5.0,18.0,14.0,2.0,0,5.0,1
Crystal Palace,314.0,46.6,594.0,404.0,15.0,1.0,1.0,3.0,2.0,13.0,18.0,1.0,1.0,4.0,-1
Arsenal,368.0,51.1,626.0,442.0,9.0,4.0,3.0,5.0,4.0,14.0,25.0,3.0,1.0,8.0,1
Watford,333.0,48.9,589.0,398.0,12.0,7.0,5.0,6.0,8.0,7.0,6.0,3.0,3.0,8.0,-1
Burnley,283.0,54.2,561.0,378.0,11.0,8.0,7.0,2.0,6.0,20.0,3.0,3.0,3.0,5.0,-1
Brighton and Hove Albion,259.0,45.8,520.0,334.0,11.0,6.0,3.0,4.0,7.0,6.0,31.0,0,2.0,8.0,1
Chelsea,521.0,62.9,833.0,629.0,10.0,5.0,4.0,3.0,3.0,30.0,14.0,2.0,3.0,4.0,1
Wolverhampton Wanderers,256.0,37.1,561.0,370.0,16.0,1.0,1.0,1.0,3.0,22.0,6.0,3.0,1.0,3.0,-1
Crystal Palace,337.0,47.2,637.0,422.0,11.0,9.0,8.0,2.0,7.0,22.0,11.0,3.0,1.0,4.0,0
Tottenham Hotspur,406.0,52.8,693.0,489.0,13.0,3.0,3.0,2.0,2.0,26.0,17.0,2.0,0,1.0,0
Everton,589.0,70.0,916.0,687.0,11.0,5.0,5.0,5.0,2.0,26.0,23.0,1.0,0,7.0,-1
AFC Bournemouth,189.0,30.0,507.0,282.0,9.0,2.0,2.0,7.0,5.0,18.0,12.0,0,1.0,7.0,1
Leicester City,344.0,45.8,623.0,425.0,12.0,7.0,6.0,3.0,3.0,23.0,12.0,1.0,2.0,6.0,-1
Manchester United,426.0,54.2,681.0,518.0,11.0,3.0,3.0,3.0,3.0,21.0,8.0,5.0,2.0,1.0,1
Manchester City,661.0,73.1,900.0,722.0,7.0,12.0,11.0,10.0,9.0,12.0,5.0,1.0,0,14.0,1
Norwich City,192.0,26.9,415.0,268.0,4.0,1.0,0,4.0,0,14.0,26.0,1.0,2.0,4.0,-1
Newcastle United,175.0,25.3,428.0,267.0,11.0,1.0,1.0,2.0,2.0,23.0,23.0,1.0,3.0,2.0,-1
Liverpool,705.0,74.7,981.0,792.0,5.0,5.0,2.0,6.0,4.0,12.0,8.0,0,1.0,8.0,1
Southampton,587.0,72.1,864.0,684.0,9.0,3.0,1.0,4.0,9.0,11.0,8.0,0,2.0,5.0,1
Sheffield United,161.0,27.9,417.0,260.0,16.0,0,0,3.0,1.0,12.0,34.0,1.0,2.0,5.0,-1
West Ham United,391.0,63.0,655.0,480.0,16.0,6.0,4.0,1.0,0,15.0,26.0,2.0,0,2.0,0
Aston Villa,186.0,37.0,444.0,277.0,13.0,6.0,6.0,4.0,7.0,13.0,11.0,1.0,1.0,4.0,0
